Date,Time,No of Vehicles,Wind Speed,Visibility,Accident
10/1/2022,1:00:00 AM,3434,6,16,3
10/1/2022,2:00:00 AM,2229,7,16,5
10/1/2022,3:00:00 AM,1583,19,16,4
10/1/2022,4:00:00 AM,1360,15,16,3
10/1/2022,5:00:00 AM,1496,15,10,2
10/1/2022,6:00:00 AM,1710,13,4,3
10/1/2022,7:00:00 AM,2507,19,5,7
10/1/2022,8:00:00 AM,3377,19,16,4
10/1/2022,9:00:00 AM,4482,15,11,6
10/1/2022,10:00:00 AM,5340,20,16,4
10/1/2022,11:00:00 AM,5894,19,2,5
10/1/2022,12:00:00 PM,6631,19,6,4
10/1/2022,1:00:00 PM,7248,15,16,3
10/1/2022,2:00:00 PM,7579,13,16,4
10/1/2022,3:00:00 PM,7697,20,16,4
10/1/2022,4:00:00 PM,7685,26,16,5
10/1/2022,5:00:00 PM,7917,19,16,4
10/1/2022,6:00:00 PM,7801,15,8,5
10/1/2022,7:00:00 PM,7187,17,6,3
10/1/2022,8:00:00 PM,6766,19,14,5
10/1/2022,9:00:00 PM,6043,13,16,5
10/1/2022,10:00:00 PM,5320,20,16,4
10/1/2022,11:00:00 PM,4891,13,16,3
10/1/2022,12:00:00 AM,4523,17,16,3
10/2/2022,1:00:00 AM,3543,15,16,4
10/2/2022,2:00:00 AM,2307,11,16,4
10/2/2022,3:00:00 AM,1790,20,16,3
10/2/2022,4:00:00 AM,1483,20,16,5
10/2/2022,5:00:00 AM,1402,17,16,6
10/2/2022,6:00:00 AM,1521,24,16,4
10/2/2022,7:00:00 AM,1842,20,16,4
10/2/2022,8:00:00 AM,2595,19,16,3
10/2/2022,9:00:00 AM,3427,20,16,4
10/2/2022,10:00:00 AM,4217,19,16,3
10/2/2022,11:00:00 AM,5678,17,16,5
10/2/2022,12:00:00 PM,6363,24,16,5
10/2/2022,1:00:00 PM,7173,13,13,4
10/2/2022,2:00:00 PM,7345,24,16,4
10/2/2022,3:00:00 PM,7468,22,16,6
10/2/2022,4:00:00 PM,7166,20,16,2
10/2/2022,5:00:00 PM,7816,26,16,4
10/2/2022,6:00:00 PM,7705,24,16,5
10/2/2022,7:00:00 PM,7569,22,16,4
10/2/2022,8:00:00 PM,6924,22,16,5
10/2/2022,9:00:00 PM,6299,17,16,3
10/2/2022,10:00:00 PM,4911,26,16,4
10/2/2022,11:00:00 PM,3856,24,16,5
10/2/2022,12:00:00 AM,2982,20,16,3
10/3/2022,1:00:00 AM,1989,15,16,5
10/3/2022,2:00:00 AM,1257,22,16,3
10/3/2022,3:00:00 AM,920,17,16,4
10/3/2022,4:00:00 AM,930,13,16,5
10/3/2022,5:00:00 AM,1494,20,16,5
10/3/2022,6:00:00 AM,3186,20,16,4
10/3/2022,7:00:00 AM,5575,15,16,4
10/3/2022,8:00:00 AM,6174,32,16,3
10/3/2022,9:00:00 AM,6573,24,16,3
10/3/2022,10:00:00 AM,6265,19,16,2
10/3/2022,11:00:00 AM,6085,22,16,5
10/3/2022,12:00:00 PM,6230,19,16,2
10/3/2022,1:00:00 PM,6323,19,13,5
10/3/2022,2:00:00 PM,6608,20,16,2
10/3/2022,3:00:00 PM,6966,15,16,5
10/3/2022,4:00:00 PM,7347,17,16,4
10/3/2022,5:00:00 PM,6903,15,14,4
10/3/2022,6:00:00 PM,6430,20,10,4
10/3/2022,7:00:00 PM,6349,9,8,5
10/3/2022,8:00:00 PM,5994,9,8,5
10/3/2022,9:00:00 PM,4666,9,16,3
10/3/2022,10:00:00 PM,3634,11,10,4
10/3/2022,11:00:00 PM,3074,13,16,5
10/3/2022,12:00:00 AM,2514,13,16,4
10/4/2022,1:00:00 AM,1654,9,8,5
10/4/2022,2:00:00 AM,1110,11,3,3
10/4/2022,3:00:00 AM,806,19,1,5
10/4/2022,4:00:00 AM,870,13,8,5
10/4/2022,5:00:00 AM,1340,11,5,4
10/4/2022,6:00:00 AM,2695,19,6,4
10/4/2022,7:00:00 AM,4897,15,8,3
10/4/2022,8:00:00 AM,5773,13,13,6
10/4/2022,9:00:00 AM,5854,13,13,4
10/4/2022,10:00:00 AM,5653,17,8,3
10/4/2022,11:00:00 AM,5860,13,16,3
10/4/2022,12:00:00 PM,5753,22,16,3
10/4/2022,1:00:00 PM,5801,17,2,3
10/4/2022,2:00:00 PM,6232,19,10,5
10/4/2022,3:00:00 PM,6756,19,8,4
10/4/2022,4:00:00 PM,7107,19,5,4
10/4/2022,5:00:00 PM,6735,24,16,5
10/4/2022,6:00:00 PM,6540,22,16,4
10/4/2022,7:00:00 PM,5964,19,16,5
10/4/2022,8:00:00 PM,4996,19,16,4
10/4/2022,9:00:00 PM,4238,9,11,4
10/4/2022,10:00:00 PM,3572,13,14,4
10/4/2022,11:00:00 PM,2997,11,5,4
10/4/2022,12:00:00 AM,2444,17,16,4
10/5/2022,1:00:00 AM,1643,13,8,6
10/5/2022,2:00:00 AM,1135,11,13,4
10/5/2022,3:00:00 AM,863,7,13,4
10/5/2022,4:00:00 AM,876,7,11,4
10/5/2022,5:00:00 AM,1281,15,3,3
10/5/2022,6:00:00 AM,2684,9,2,5
10/5/2022,7:00:00 AM,4838,11,16,3
10/5/2022,8:00:00 AM,5340,9,3,4
10/5/2022,9:00:00 AM,5288,13,3,4
10/5/2022,10:00:00 AM,5091,15,4,5
10/5/2022,11:00:00 AM,5361,6,14,4
10/5/2022,12:00:00 PM,5634,9,16,3
10/5/2022,1:00:00 PM,5814,7,16,4
10/5/2022,2:00:00 PM,6076,11,16,4
10/5/2022,3:00:00 PM,6712,13,16,4
10/5/2022,4:00:00 PM,6721,9,16,3
10/5/2022,5:00:00 PM,6553,6,14,5
10/5/2022,6:00:00 PM,6329,9,3,4
10/5/2022,7:00:00 PM,5909,6,16,6
10/5/2022,8:00:00 PM,5398,0,16,4
10/5/2022,9:00:00 PM,5072,6,16,4
10/5/2022,10:00:00 PM,4533,9,16,4
10/5/2022,11:00:00 PM,3492,0,16,4
10/5/2022,12:00:00 AM,2696,6,16,5
10/6/2022,1:00:00 AM,1879,7,16,7
10/6/2022,2:00:00 AM,1250,9,16,2
10/6/2022,3:00:00 AM,910,7,16,3
10/6/2022,4:00:00 AM,1000,6,16,4
10/6/2022,5:00:00 AM,1515,6,16,4
10/6/2022,6:00:00 AM,3162,7,16,4
10/6/2022,7:00:00 AM,5722,0,16,5
10/6/2022,8:00:00 AM,6573,6,16,3
10/6/2022,9:00:00 AM,6471,0,16,5
10/6/2022,10:00:00 AM,6567,6,16,4
10/6/2022,11:00:00 AM,5884,6,16,4
10/6/2022,12:00:00 PM,6400,9,16,3
10/6/2022,1:00:00 PM,6757,0,16,4
10/6/2022,2:00:00 PM,7445,6,16,4
10/6/2022,3:00:00 PM,7577,6,16,3
10/6/2022,4:00:00 PM,7995,6,16,5
10/6/2022,5:00:00 PM,7405,0,16,4
10/6/2022,6:00:00 PM,7307,0,16,3
10/6/2022,7:00:00 PM,7381,0,16,5
10/6/2022,8:00:00 PM,7755,0,16,3
10/6/2022,9:00:00 PM,6625,6,16,5
10/6/2022,10:00:00 PM,5439,0,16,3
10/6/2022,11:00:00 PM,4457,6,16,3
10/6/2022,12:00:00 AM,3620,6,16,6
10/7/2022,1:00:00 AM,2504,6,16,3
10/7/2022,2:00:00 AM,1582,9,16,4
10/7/2022,3:00:00 AM,1252,7,16,4
10/7/2022,4:00:00 AM,1150,0,16,4
10/7/2022,5:00:00 AM,1712,0,16,7
10/7/2022,6:00:00 AM,3065,0,16,5
10/7/2022,7:00:00 AM,5369,6,16,4
10/7/2022,8:00:00 AM,5979,9,16,5
10/7/2022,9:00:00 AM,6434,0,16,5
10/7/2022,10:00:00 AM,6232,9,16,4
10/7/2022,11:00:00 AM,7096,9,16,2
10/7/2022,12:00:00 PM,7132,0,16,4
10/7/2022,1:00:00 PM,7627,11,16,3
10/7/2022,2:00:00 PM,8092,7,16,5
10/7/2022,3:00:00 PM,8579,9,16,4
10/7/2022,4:00:00 PM,8389,9,16,5
10/7/2022,5:00:00 PM,8184,11,16,3
10/7/2022,6:00:00 PM,7907,11,16,5
10/7/2022,7:00:00 PM,7883,11,16,3
10/7/2022,8:00:00 PM,8237,11,16,6
10/7/2022,9:00:00 PM,8248,7,16,4
10/7/2022,10:00:00 PM,6912,13,16,5
10/7/2022,11:00:00 PM,5222,9,16,3
10/7/2022,12:00:00 AM,5131,6,16,5
10/8/2022,1:00:00 AM,3886,13,16,4
10/8/2022,2:00:00 AM,2530,9,16,3
10/8/2022,3:00:00 AM,1689,13,16,5
10/8/2022,4:00:00 AM,1433,6,16,5
10/8/2022,5:00:00 AM,1629,6,16,4
10/8/2022,6:00:00 AM,2027,0,16,4
10/8/2022,7:00:00 AM,3020,6,16,4
10/8/2022,8:00:00 AM,4234,13,16,3
10/8/2022,9:00:00 AM,5748,9,16,2
10/8/2022,10:00:00 AM,6522,15,16,3
10/8/2022,11:00:00 AM,7657,6,16,4
10/8/2022,12:00:00 PM,8041,0,16,5
10/8/2022,1:00:00 PM,8463,6,16,4
10/8/2022,2:00:00 PM,8559,0,16,4
10/8/2022,3:00:00 PM,8313,13,16,4
10/8/2022,4:00:00 PM,8623,11,16,4
10/8/2022,5:00:00 PM,8401,7,16,5
10/8/2022,6:00:00 PM,8490,13,16,3
10/8/2022,7:00:00 PM,8225,13,16,3
10/8/2022,8:00:00 PM,8350,13,16,5
10/8/2022,9:00:00 PM,8041,0,16,4
10/8/2022,10:00:00 PM,7039,0,16,2
10/8/2022,11:00:00 PM,6029,0,16,4
10/8/2022,12:00:00 AM,5649,6,16,5
10/9/2022,1:00:00 AM,4501,7,16,5
10/9/2022,2:00:00 AM,3093,6,16,4
10/9/2022,3:00:00 AM,2109,6,16,4
10/9/2022,4:00:00 AM,1732,9,16,4
10/9/2022,5:00:00 AM,1804,0,16,6
10/9/2022,6:00:00 AM,1630,0,16,4
10/9/2022,7:00:00 AM,2111,7,16,4
10/9/2022,8:00:00 AM,2952,0,16,5
10/9/2022,9:00:00 AM,4051,9,16,5
10/9/2022,10:00:00 AM,5477,9,16,6
10/9/2022,11:00:00 AM,6983,0,16,5
10/9/2022,12:00:00 PM,7673,7,16,5
10/9/2022,1:00:00 PM,8117,7,16,5
10/9/2022,2:00:00 PM,8389,15,16,4
10/9/2022,3:00:00 PM,8677,9,16,4
10/9/2022,4:00:00 PM,8539,9,16,3
10/9/2022,5:00:00 PM,8483,0,16,6
10/9/2022,6:00:00 PM,8063,11,16,6
10/9/2022,7:00:00 PM,8005,0,16,5
10/9/2022,8:00:00 PM,7868,0,16,4
10/9/2022,9:00:00 PM,7479,0,16,3
10/9/2022,10:00:00 PM,6706,6,16,3
10/9/2022,11:00:00 PM,5623,6,16,4
10/9/2022,12:00:00 AM,4374,9,16,3
10/10/2022,1:00:00 AM,2707,0,16,3
10/10/2022,2:00:00 AM,1512,6,16,3
10/10/2022,3:00:00 AM,1141,6,16,5
10/10/2022,4:00:00 AM,1036,0,16,2
10/10/2022,5:00:00 AM,1551,0,16,5
10/10/2022,6:00:00 AM,2626,6,16,5
10/10/2022,7:00:00 AM,4426,6,16,3
10/10/2022,8:00:00 AM,4840,0,16,3
10/10/2022,9:00:00 AM,5217,0,16,4
10/10/2022,10:00:00 AM,5334,7,16,4
10/10/2022,11:00:00 AM,5989,0,16,5
10/10/2022,12:00:00 PM,6647,6,16,4
10/10/2022,1:00:00 PM,6820,7,16,3
10/10/2022,2:00:00 PM,7090,7,16,5
10/10/2022,3:00:00 PM,7715,7,16,5
10/10/2022,4:00:00 PM,7634,6,16,3
10/10/2022,5:00:00 PM,7144,9,16,5
10/10/2022,6:00:00 PM,6988,6,16,3
10/10/2022,7:00:00 PM,6851,7,16,2
10/10/2022,8:00:00 PM,6788,7,16,4
10/10/2022,9:00:00 PM,5857,11,16,5
10/10/2022,10:00:00 PM,4574,7,16,5
10/10/2022,11:00:00 PM,3568,9,16,4
10/10/2022,12:00:00 AM,2842,11,16,5
10/11/2022,1:00:00 AM,1935,7,16,4
10/11/2022,2:00:00 AM,1244,6,16,4
10/11/2022,3:00:00 AM,833,7,16,5
10/11/2022,4:00:00 AM,957,6,16,4
10/11/2022,5:00:00 AM,1535,6,16,5
10/11/2022,6:00:00 AM,3127,0,16,5
10/11/2022,7:00:00 AM,5766,0,16,4
10/11/2022,8:00:00 AM,6554,7,16,5
10/11/2022,9:00:00 AM,6369,6,16,4
10/11/2022,10:00:00 AM,6415,7,16,3
10/11/2022,11:00:00 AM,5944,0,16,4
10/11/2022,12:00:00 PM,6006,6,16,4
10/11/2022,1:00:00 PM,6109,6,16,4
10/11/2022,2:00:00 PM,6847,0,16,4
10/11/2022,3:00:00 PM,7278,6,16,3
10/11/2022,4:00:00 PM,7683,7,16,6
10/11/2022,5:00:00 PM,7461,7,16,3
10/11/2022,6:00:00 PM,7029,0,16,3
10/11/2022,7:00:00 PM,6978,0,16,5
10/11/2022,8:00:00 PM,5873,0,16,3
10/11/2022,9:00:00 PM,5077,0,16,4
10/11/2022,10:00:00 PM,4153,6,16,4
10/11/2022,11:00:00 PM,3711,7,16,5
10/11/2022,12:00:00 AM,3421,7,16,4
10/12/2022,1:00:00 AM,2028,6,16,5
10/12/2022,2:00:00 AM,1222,9,16,2
10/12/2022,3:00:00 AM,873,6,16,3
10/12/2022,4:00:00 AM,952,6,16,4
10/12/2022,5:00:00 AM,1565,0,16,2
10/12/2022,6:00:00 AM,3308,7,16,6
10/12/2022,7:00:00 AM,5696,6,16,4
10/12/2022,8:00:00 AM,6357,0,16,5
10/12/2022,9:00:00 AM,6579,0,16,3
10/12/2022,10:00:00 AM,6278,0,16,5
10/12/2022,11:00:00 AM,6112,7,16,5
10/12/2022,12:00:00 PM,6347,7,16,5
10/12/2022,1:00:00 PM,6571,11,16,4
10/12/2022,2:00:00 PM,7132,11,16,3
10/12/2022,3:00:00 PM,7621,11,16,3
10/12/2022,4:00:00 PM,7686,9,16,4
10/12/2022,5:00:00 PM,7484,9,16,4
10/12/2022,6:00:00 PM,7336,9,16,4
10/12/2022,7:00:00 PM,7113,7,16,4
10/12/2022,8:00:00 PM,6711,7,16,6
10/12/2022,9:00:00 PM,5374,9,16,3
10/12/2022,10:00:00 PM,4520,6,16,4
10/12/2022,11:00:00 PM,3663,0,16,6
10/12/2022,12:00:00 AM,3097,6,16,6
10/13/2022,1:00:00 AM,2205,9,16,3
10/13/2022,2:00:00 AM,1454,6,16,2
10/13/2022,3:00:00 AM,1053,6,16,5
10/13/2022,4:00:00 AM,1030,0,16,3
10/13/2022,5:00:00 AM,1548,7,16,4
10/13/2022,6:00:00 AM,3207,0,16,4
10/13/2022,7:00:00 AM,5577,6,16,4
10/13/2022,8:00:00 AM,6451,6,16,3
10/13/2022,9:00:00 AM,6620,7,16,4
10/13/2022,10:00:00 AM,6580,7,16,4
10/13/2022,11:00:00 AM,6276,6,16,3
10/13/2022,12:00:00 PM,6329,15,16,4
10/13/2022,1:00:00 PM,6540,6,16,3
10/13/2022,2:00:00 PM,6865,7,16,7
10/13/2022,3:00:00 PM,7618,7,16,4
10/13/2022,4:00:00 PM,7903,7,16,4
10/13/2022,5:00:00 PM,7403,7,11,4
10/13/2022,6:00:00 PM,6662,6,4,4
10/13/2022,7:00:00 PM,6399,7,10,5
10/13/2022,8:00:00 PM,6414,6,11,3
10/13/2022,9:00:00 PM,5208,7,6,3
10/13/2022,10:00:00 PM,4431,7,10,5
10/13/2022,11:00:00 PM,3632,9,4,5
10/13/2022,12:00:00 AM,2924,7,6,4
10/14/2022,1:00:00 AM,2183,6,5,5
10/14/2022,2:00:00 AM,1379,11,5,4
10/14/2022,3:00:00 AM,1101,11,14,5
10/14/2022,4:00:00 AM,1089,7,13,4
10/14/2022,5:00:00 AM,1613,9,16,6
10/14/2022,6:00:00 AM,3195,6,16,5
10/14/2022,7:00:00 AM,5779,7,16,5
10/14/2022,8:00:00 AM,6539,7,16,3
10/14/2022,9:00:00 AM,6696,11,16,4
10/14/2022,10:00:00 AM,6649,15,16,4
10/14/2022,11:00:00 AM,6704,6,16,4
10/14/2022,12:00:00 PM,6775,7,16,3
10/14/2022,1:00:00 PM,7465,13,16,4
10/14/2022,2:00:00 PM,7773,6,16,4
10/14/2022,3:00:00 PM,8659,7,16,3
10/14/2022,4:00:00 PM,8501,6,16,3
10/14/2022,5:00:00 PM,8162,0,16,5
10/14/2022,6:00:00 PM,7922,0,16,4
10/14/2022,7:00:00 PM,7618,0,16,3
10/14/2022,8:00:00 PM,8097,0,16,4
10/14/2022,9:00:00 PM,7435,0,16,5
10/14/2022,10:00:00 PM,6178,0,16,5
10/14/2022,11:00:00 PM,5406,6,16,2
10/14/2022,12:00:00 AM,4688,0,16,4
10/15/2022,1:00:00 AM,3809,6,16,3
10/15/2022,2:00:00 AM,2604,0,16,4
10/15/2022,3:00:00 AM,1820,0,16,2
10/15/2022,4:00:00 AM,1543,7,16,5
10/15/2022,5:00:00 AM,1644,0,16,5
10/15/2022,6:00:00 AM,2103,0,16,5
10/15/2022,7:00:00 AM,3111,0,16,5
10/15/2022,8:00:00 AM,4511,0,16,5
10/15/2022,9:00:00 AM,5713,0,16,3
10/15/2022,10:00:00 AM,6584,0,16,4
10/15/2022,11:00:00 AM,7429,6,16,3
10/15/2022,12:00:00 PM,7994,6,16,2
10/15/2022,1:00:00 PM,8235,6,16,3
10/15/2022,2:00:00 PM,8494,6,16,3
10/15/2022,3:00:00 PM,8631,6,16,4
10/15/2022,4:00:00 PM,8946,13,16,4
10/15/2022,5:00:00 PM,8919,6,16,5
10/15/2022,6:00:00 PM,8218,7,16,3
10/15/2022,7:00:00 PM,8417,7,16,4
10/15/2022,8:00:00 PM,8271,7,16,4
10/15/2022,9:00:00 PM,7758,7,16,3
10/15/2022,10:00:00 PM,7115,7,16,2
10/15/2022,11:00:00 PM,6638,6,16,2
10/15/2022,12:00:00 AM,5449,0,16,4
10/16/2022,1:00:00 AM,4580,9,16,4
10/16/2022,2:00:00 AM,3317,9,16,5
10/16/2022,3:00:00 AM,2281,6,16,3
10/16/2022,4:00:00 AM,1783,9,16,4
10/16/2022,5:00:00 AM,1826,6,16,2
10/16/2022,6:00:00 AM,1729,7,16,6
10/16/2022,7:00:00 AM,2119,0,16,3
10/16/2022,8:00:00 AM,2950,6,16,4
10/16/2022,9:00:00 AM,3948,6,16,3
10/16/2022,10:00:00 AM,5495,6,16,4
10/16/2022,11:00:00 AM,6604,6,16,5
10/16/2022,12:00:00 PM,7582,0,16,3
10/16/2022,1:00:00 PM,8089,0,16,5
10/16/2022,2:00:00 PM,8028,7,16,3
10/16/2022,3:00:00 PM,8315,0,16,5
10/16/2022,4:00:00 PM,8342,0,16,5
10/16/2022,5:00:00 PM,8327,0,16,4
10/16/2022,6:00:00 PM,8347,6,16,6
10/16/2022,7:00:00 PM,8107,0,16,3
10/16/2022,8:00:00 PM,8045,0,16,5
10/16/2022,9:00:00 PM,7571,7,16,6
10/16/2022,10:00:00 PM,6634,6,16,4
10/16/2022,11:00:00 PM,5006,6,16,5
10/16/2022,12:00:00 AM,3519,0,16,4
10/17/2022,1:00:00 AM,2229,6,16,5
10/17/2022,2:00:00 AM,1418,7,16,2
10/17/2022,3:00:00 AM,1103,6,16,3
10/17/2022,4:00:00 AM,1064,0,16,3
10/17/2022,5:00:00 AM,1672,0,16,3
10/17/2022,6:00:00 AM,3209,0,16,6
10/17/2022,7:00:00 AM,5470,6,14,6
10/17/2022,8:00:00 AM,6365,0,16,4
10/17/2022,9:00:00 AM,6282,6,14,5
10/17/2022,10:00:00 AM,6262,0,16,3
10/17/2022,11:00:00 AM,5947,15,16,3
10/17/2022,12:00:00 PM,6019,15,16,4
10/17/2022,1:00:00 PM,6111,17,16,4
10/17/2022,2:00:00 PM,6654,7,16,5
10/17/2022,3:00:00 PM,7064,0,16,5
10/17/2022,4:00:00 PM,7448,0,16,4
10/17/2022,5:00:00 PM,7537,9,16,5
10/17/2022,6:00:00 PM,7076,6,16,4
10/17/2022,7:00:00 PM,6426,13,16,5
10/17/2022,8:00:00 PM,5348,13,16,6
10/17/2022,9:00:00 PM,4437,6,6,3
10/17/2022,10:00:00 PM,3855,0,10,4
10/17/2022,11:00:00 PM,3581,9,10,3
10/17/2022,12:00:00 AM,2650,6,10,3
10/18/2022,1:00:00 AM,1710,11,16,5
10/18/2022,2:00:00 AM,1113,11,16,4
10/18/2022,3:00:00 AM,850,9,16,3
10/18/2022,4:00:00 AM,930,7,16,3
10/18/2022,5:00:00 AM,1421,11,16,5
10/18/2022,6:00:00 AM,3103,9,16,5
10/18/2022,7:00:00 AM,5585,9,16,4
10/18/2022,8:00:00 AM,6519,13,16,3
10/18/2022,9:00:00 AM,6322,13,16,4
10/18/2022,10:00:00 AM,6242,13,16,3
10/18/2022,11:00:00 AM,5792,7,16,5
10/18/2022,12:00:00 PM,6043,6,16,4
10/18/2022,1:00:00 PM,5958,0,16,5
10/18/2022,2:00:00 PM,6545,9,16,6
10/18/2022,3:00:00 PM,7308,9,16,5
10/18/2022,4:00:00 PM,7795,15,16,5
10/18/2022,5:00:00 PM,7517,0,16,3
10/18/2022,6:00:00 PM,7017,6,16,6
10/18/2022,7:00:00 PM,6653,15,16,3
10/18/2022,8:00:00 PM,5930,15,16,4
10/18/2022,9:00:00 PM,5361,6,16,4
10/18/2022,10:00:00 PM,4353,9,16,5
10/18/2022,11:00:00 PM,3561,11,16,4
10/18/2022,12:00:00 AM,2969,6,16,3
10/19/2022,1:00:00 AM,1932,11,16,3
10/19/2022,2:00:00 AM,1248,7,16,3
10/19/2022,3:00:00 AM,933,6,16,4
10/19/2022,4:00:00 AM,950,0,16,4
10/19/2022,5:00:00 AM,1444,0,16,4
10/19/2022,6:00:00 AM,3233,6,16,4
10/19/2022,7:00:00 AM,5535,6,16,5
10/19/2022,8:00:00 AM,6215,7,16,4
10/19/2022,9:00:00 AM,6590,11,16,4
10/19/2022,10:00:00 AM,6592,9,16,4
10/19/2022,11:00:00 AM,6346,13,16,6
10/19/2022,12:00:00 PM,6328,13,16,4
10/19/2022,1:00:00 PM,6451,19,16,5
10/19/2022,2:00:00 PM,6792,17,16,4
10/19/2022,3:00:00 PM,7344,17,16,3
10/19/2022,4:00:00 PM,8004,11,16,5
10/19/2022,5:00:00 PM,7611,11,16,5
10/19/2022,6:00:00 PM,7152,7,16,4
10/19/2022,7:00:00 PM,6654,7,16,5
10/19/2022,8:00:00 PM,6456,7,16,4
10/19/2022,9:00:00 PM,4988,9,16,4
10/19/2022,10:00:00 PM,4249,0,16,4
10/19/2022,11:00:00 PM,3735,9,16,4
10/19/2022,12:00:00 AM,3008,15,16,4
10/20/2022,1:00:00 AM,2009,7,16,3
10/20/2022,2:00:00 AM,1243,13,16,5
10/20/2022,3:00:00 AM,931,7,16,2
10/20/2022,4:00:00 AM,1027,11,16,4
10/20/2022,5:00:00 AM,1636,6,16,3
10/20/2022,6:00:00 AM,3164,9,16,5
10/20/2022,7:00:00 AM,5740,9,16,3
10/20/2022,8:00:00 AM,6501,17,16,5
10/20/2022,9:00:00 AM,6593,17,16,3
10/20/2022,10:00:00 AM,6514,17,16,3
10/20/2022,11:00:00 AM,6449,6,16,4
10/20/2022,12:00:00 PM,6513,7,16,4
10/20/2022,1:00:00 PM,6793,7,16,4
10/20/2022,2:00:00 PM,7076,6,16,4
10/20/2022,3:00:00 PM,7673,13,16,5
10/20/2022,4:00:00 PM,7920,13,16,4
10/20/2022,5:00:00 PM,7610,9,16,4
10/20/2022,6:00:00 PM,7169,11,16,4
10/20/2022,7:00:00 PM,7074,9,16,4
10/20/2022,8:00:00 PM,6900,9,16,3
10/20/2022,9:00:00 PM,6067,7,16,5
10/20/2022,10:00:00 PM,4811,7,16,4
10/20/2022,11:00:00 PM,4013,6,16,5
10/20/2022,12:00:00 AM,3420,6,16,4
10/21/2022,1:00:00 AM,2530,9,16,4
10/21/2022,2:00:00 AM,1545,6,16,4
10/21/2022,3:00:00 AM,1126,6,16,6
10/21/2022,4:00:00 AM,1106,9,16,4
10/21/2022,5:00:00 AM,1665,0,16,4
10/21/2022,6:00:00 AM,3245,0,16,4
10/21/2022,7:00:00 AM,5845,0,16,4
10/21/2022,8:00:00 AM,6489,0,16,3
10/21/2022,9:00:00 AM,6682,6,16,4
10/21/2022,10:00:00 AM,6512,0,16,4
10/21/2022,11:00:00 AM,6448,0,16,5
10/21/2022,12:00:00 PM,6995,0,16,5
10/21/2022,1:00:00 PM,7142,0,16,4
10/21/2022,2:00:00 PM,7905,9,16,4
10/21/2022,3:00:00 PM,8256,9,16,3
10/21/2022,4:00:00 PM,8454,6,16,4
10/21/2022,5:00:00 PM,8092,6,16,4
10/21/2022,6:00:00 PM,7535,6,16,5
10/21/2022,7:00:00 PM,7662,7,16,5
10/21/2022,8:00:00 PM,7874,7,16,4
10/21/2022,9:00:00 PM,7121,0,16,2
10/21/2022,10:00:00 PM,5853,0,16,4
10/21/2022,11:00:00 PM,5179,7,16,5
10/21/2022,12:00:00 AM,4704,7,16,5
10/22/2022,1:00:00 AM,3694,6,16,5
10/22/2022,2:00:00 AM,2481,9,16,5
10/22/2022,3:00:00 AM,1634,6,16,3
10/22/2022,4:00:00 AM,1463,7,16,3
10/22/2022,5:00:00 AM,1579,11,16,5
10/22/2022,6:00:00 AM,1913,7,16,4
10/22/2022,7:00:00 AM,3003,0,16,3
10/22/2022,8:00:00 AM,4220,0,16,5
10/22/2022,9:00:00 AM,5511,0,16,5
10/22/2022,10:00:00 AM,6758,0,16,4
10/22/2022,11:00:00 AM,7326,6,16,4
10/22/2022,12:00:00 PM,8091,7,16,4
10/22/2022,1:00:00 PM,8192,6,16,3
10/22/2022,2:00:00 PM,8230,6,16,4
10/22/2022,3:00:00 PM,8706,7,16,5
10/22/2022,4:00:00 PM,9071,7,16,3
10/22/2022,5:00:00 PM,8409,0,16,5
10/22/2022,6:00:00 PM,8750,0,16,5
10/22/2022,7:00:00 PM,8563,6,16,4
10/22/2022,8:00:00 PM,8495,6,16,4
10/22/2022,9:00:00 PM,8159,0,16,5
10/22/2022,10:00:00 PM,7497,0,16,5
10/22/2022,11:00:00 PM,6616,7,16,5
10/22/2022,12:00:00 AM,5783,6,16,4
10/23/2022,1:00:00 AM,4732,6,16,3
10/23/2022,2:00:00 AM,3222,7,16,4
10/23/2022,3:00:00 AM,2080,6,16,5
10/23/2022,4:00:00 AM,1789,6,16,3
10/23/2022,5:00:00 AM,1673,6,16,4
10/23/2022,6:00:00 AM,1679,7,16,3
10/23/2022,7:00:00 AM,2042,9,16,3
10/23/2022,8:00:00 AM,2735,7,16,6
10/23/2022,9:00:00 AM,3567,7,16,5
10/23/2022,10:00:00 AM,4710,9,16,4
10/23/2022,11:00:00 AM,5928,13,16,5
10/23/2022,12:00:00 PM,6920,9,16,4
10/23/2022,1:00:00 PM,7536,11,16,5
10/23/2022,2:00:00 PM,7688,15,16,5
10/23/2022,3:00:00 PM,8288,11,16,4
10/23/2022,4:00:00 PM,8277,13,16,4
10/23/2022,5:00:00 PM,7859,19,16,4
10/23/2022,6:00:00 PM,7892,9,16,3
10/23/2022,7:00:00 PM,7928,20,16,5
10/23/2022,8:00:00 PM,7470,13,16,4
10/23/2022,9:00:00 PM,7115,15,16,4
10/23/2022,10:00:00 PM,5755,15,16,3
10/23/2022,11:00:00 PM,4291,15,16,4
10/23/2022,12:00:00 AM,3197,17,16,6
10/24/2022,1:00:00 AM,2366,17,11,3
10/24/2022,2:00:00 AM,1450,11,16,5
10/24/2022,3:00:00 AM,999,15,16,3
10/24/2022,4:00:00 AM,1017,9,13,5
10/24/2022,5:00:00 AM,1611,13,10,6
10/24/2022,6:00:00 AM,3207,17,5,4
10/24/2022,7:00:00 AM,5266,15,5,3
10/24/2022,8:00:00 AM,5800,11,4,6
10/24/2022,9:00:00 AM,6331,9,5,3
10/24/2022,10:00:00 AM,6531,11,6,4
10/24/2022,11:00:00 AM,5956,13,10,5
10/24/2022,12:00:00 PM,6061,15,4,4
10/24/2022,1:00:00 PM,6026,13,4,4
10/24/2022,2:00:00 PM,6567,11,13,4
10/24/2022,3:00:00 PM,7222,13,11,5
10/24/2022,4:00:00 PM,7431,7,3,4
10/24/2022,5:00:00 PM,7322,15,10,4
10/24/2022,6:00:00 PM,6930,15,6,4
10/24/2022,6:59:59 PM,6347,17,10,4
10/24/2022,8:00:00 PM,5572,15,8,4
10/24/2022,9:00:00 PM,4461,17,5,4
10/24/2022,9:59:59 PM,3701,13,4,3
10/24/2022,11:00:00 PM,3122,6,5,3
10/24/2022,12:00:00 AM,2615,7,3,4
10/25/2022,1:00:00 AM,1740,11,6,4
10/25/2022,2:00:00 AM,1101,7,2,4
10/25/2022,3:00:00 AM,895,6,1,4
10/25/2022,4:00:00 AM,900,6,1,4
10/25/2022,5:00:00 AM,1448,6,1,3
10/25/2022,6:00:00 AM,3056,0,1,4
10/25/2022,7:00:00 AM,5349,6,1,4
10/25/2022,8:00:00 AM,6130,6,0.01,5
10/25/2022,9:00:00 AM,6293,0,1,5
10/25/2022,10:00:00 AM,6219,6,1,5
10/25/2022,11:00:00 AM,6200,7,1,5
10/25/2022,12:00:00 PM,6129,6,2,4
10/25/2022,1:00:00 PM,6327,6,5,4
10/25/2022,2:00:00 PM,6633,0,8,5
10/25/2022,3:00:00 PM,7089,6,11,4
10/25/2022,4:00:00 PM,7768,6,13,3
10/25/2022,5:00:00 PM,7231,6,13,5
10/25/2022,6:00:00 PM,6828,0,13,4
10/25/2022,6:59:59 PM,6438,7,14,3
10/25/2022,8:00:00 PM,6304,9,11,3
10/25/2022,9:00:00 PM,4970,6,8,4
10/25/2022,9:59:59 PM,4139,0,4,3
10/25/2022,11:00:00 PM,3681,0,2,3
10/25/2022,12:00:00 AM,2881,0,4,5
10/26/2022,1:00:00 AM,1986,0,4,6
10/26/2022,2:00:00 AM,1303,0,3,4
10/26/2022,3:00:00 AM,1037,0,2,5
10/26/2022,4:00:00 AM,954,6,1,6
10/26/2022,5:00:00 AM,1517,6,2,4
10/26/2022,6:00:00 AM,3167,0,2,4
10/26/2022,7:00:00 AM,5475,0,3,4
10/26/2022,8:00:00 AM,6412,6,6,4
10/26/2022,9:00:00 AM,6687,6,5,3
10/26/2022,10:00:00 AM,6446,7,10,4
10/26/2022,11:00:00 AM,6099,0,11,4
10/26/2022,12:00:00 PM,6151,0,11,3
10/26/2022,1:00:00 PM,6307,9,11,4
10/26/2022,2:00:00 PM,6787,0,10,5
10/26/2022,3:00:00 PM,7344,9,16,5
10/26/2022,4:00:00 PM,7810,7,16,4
10/26/2022,5:00:00 PM,7465,6,16,5
10/26/2022,6:00:00 PM,7041,6,16,5
10/26/2022,7:00:00 PM,6714,6,16,4
10/26/2022,8:00:00 PM,6249,11,16,4
10/26/2022,9:00:00 PM,5265,11,16,5
10/26/2022,10:00:00 PM,4310,7,16,4
10/26/2022,11:00:00 PM,3668,9,16,6
10/26/2022,12:00:00 AM,3211,0,16,3
10/27/2022,1:00:00 AM,2019,7,16,3
10/27/2022,2:00:00 AM,1310,0,16,3
10/27/2022,3:00:00 AM,1011,0,16,4
10/27/2022,4:00:00 AM,1034,9,16,4
10/27/2022,5:00:00 AM,1566,7,16,4
10/27/2022,6:00:00 AM,3408,6,16,5
10/27/2022,7:00:00 AM,5698,0,16,4
10/27/2022,8:00:00 AM,6321,13,16,5
10/27/2022,9:00:00 AM,6374,9,16,6
10/27/2022,10:00:00 AM,6490,15,16,5
10/27/2022,11:00:00 AM,6262,13,16,4
10/27/2022,12:00:00 PM,6639,17,16,6
10/27/2022,1:00:00 PM,6760,7,16,5
10/27/2022,2:00:00 PM,7126,6,16,4
10/27/2022,3:00:00 PM,7827,15,16,3
10/27/2022,4:00:00 PM,8188,9,16,6
10/27/2022,5:00:00 PM,7424,11,16,4
10/27/2022,6:00:00 PM,7383,11,16,4
10/27/2022,7:00:00 PM,7138,20,16,4
10/27/2022,8:00:00 PM,7109,20,16,4
10/27/2022,9:00:00 PM,5963,17,16,6
10/27/2022,10:00:00 PM,4838,20,16,5
10/27/2022,11:00:00 PM,4207,13,16,4
10/27/2022,12:00:00 AM,3706,11,16,6
10/28/2022,1:00:00 AM,2609,11,16,4
10/28/2022,2:00:00 AM,1529,7,16,3
10/28/2022,3:00:00 AM,1236,7,16,4
10/28/2022,4:00:00 AM,1184,13,16,4
10/28/2022,5:00:00 AM,1626,15,16,4
10/28/2022,6:00:00 AM,3349,13,16,4
10/28/2022,7:00:00 AM,5702,13,16,5
10/28/2022,8:00:00 AM,6340,13,16,3
10/28/2022,9:00:00 AM,6535,13,16,5
10/28/2022,10:00:00 AM,6616,13,16,4
10/28/2022,11:00:00 AM,6297,11,16,5
10/28/2022,12:00:00 PM,6786,17,16,6
10/28/2022,1:00:00 PM,7381,13,16,4
10/28/2022,2:00:00 PM,7883,6,16,5
10/28/2022,3:00:00 PM,8315,6,16,4
10/28/2022,4:00:00 PM,8336,7,16,4
10/28/2022,5:00:00 PM,8195,9,16,3
10/28/2022,6:00:00 PM,7933,0,16,4
10/28/2022,7:00:00 PM,7611,6,16,3
10/28/2022,8:00:00 PM,7624,6,16,4
10/28/2022,9:00:00 PM,6833,0,16,3
10/28/2022,10:00:00 PM,5818,7,16,5
10/28/2022,11:00:00 PM,5143,6,16,4
10/28/2022,12:00:00 AM,4557,7,16,3
10/29/2022,1:00:00 AM,3617,6,16,2
10/29/2022,2:00:00 AM,2796,6,16,3
10/29/2022,3:00:00 AM,2000,9,16,3
10/29/2022,4:00:00 AM,1715,7,16,4
10/29/2022,5:00:00 AM,1802,9,16,4
10/29/2022,6:00:00 AM,2162,7,16,3
10/29/2022,7:00:00 AM,3020,6,16,2
10/29/2022,8:00:00 AM,3926,7,16,4
10/29/2022,9:00:00 AM,5150,9,16,3
10/29/2022,10:00:00 AM,5867,9,16,4
10/29/2022,11:00:00 AM,7028,7,16,3
10/29/2022,12:00:00 PM,7516,11,16,5
10/29/2022,1:00:00 PM,7818,7,16,4
10/29/2022,2:00:00 PM,8201,13,16,4
10/29/2022,3:00:00 PM,8294,7,16,3
10/29/2022,4:00:00 PM,8830,0,16,6
10/29/2022,5:00:00 PM,8778,6,16,4
10/29/2022,6:00:00 PM,8226,0,16,4
10/29/2022,7:00:00 PM,8467,0,16,3
10/29/2022,8:00:00 PM,8564,0,16,4
10/29/2022,9:00:00 PM,7883,0,16,3
10/29/2022,10:00:00 PM,6941,6,16,3
10/29/2022,11:00:00 PM,6168,0,16,3
10/29/2022,12:00:00 AM,5815,0,16,4
10/30/2022,1:00:00 AM,4733,0,16,4
10/30/2022,2:00:00 AM,3753,6,16,6
10/30/2022,3:00:00 AM,2712,0,16,5
10/30/2022,4:00:00 AM,2160,0,16,5
10/30/2022,5:00:00 AM,2189,0,16,2
10/30/2022,6:00:00 AM,1848,0,16,4
10/30/2022,7:00:00 AM,2002,0,16,4
10/30/2022,8:00:00 AM,2579,0,16,4
10/30/2022,9:00:00 AM,3572,0,16,6
10/30/2022,10:00:00 AM,4812,0,16,4
10/30/2022,11:00:00 AM,6354,0,16,3
10/30/2022,12:00:00 PM,7373,6,16,4
10/30/2022,1:00:00 PM,8066,7,16,3
10/30/2022,2:00:00 PM,8222,6,16,6
10/30/2022,3:00:00 PM,8376,6,16,5
10/30/2022,4:00:00 PM,8709,6,16,6
10/30/2022,5:00:00 PM,8553,0,16,5
10/30/2022,6:00:00 PM,8425,0,16,4
10/30/2022,7:00:00 PM,8410,0,16,5
10/30/2022,8:00:00 PM,8069,0,16,4
10/30/2022,9:00:00 PM,7556,0,16,4
10/30/2022,10:00:00 PM,6271,0,16,3
10/30/2022,11:00:00 PM,4992,0,16,3
10/30/2022,12:00:00 AM,3755,0,16,4
10/31/2022,1:00:00 AM,2546,0,16,5
10/31/2022,2:00:00 AM,1578,0,16,5
10/31/2022,3:00:00 AM,1115,0,16,4
10/31/2022,4:00:00 AM,1193,0,16,4
10/31/2022,5:00:00 AM,1738,0,16,3
10/31/2022,6:00:00 AM,3317,0,16,3
10/31/2022,7:00:00 AM,5685,0,13,4
10/31/2022,8:00:00 AM,6331,0,16,4
10/31/2022,9:00:00 AM,6538,0,16,5
10/31/2022,10:00:00 AM,6119,0,16,4
10/31/2022,11:00:00 AM,5535,0,16,5
10/31/2022,12:00:00 PM,5971,0,16,4
10/31/2022,1:00:00 PM,6017,11,16,5
10/31/2022,2:00:00 PM,6718,7,16,5
10/31/2022,3:00:00 PM,6858,11,16,4
10/31/2022,4:00:00 PM,7242,0,16,4
10/31/2022,5:00:00 PM,6699,0,16,2
10/31/2022,6:00:00 PM,6618,0,16,4
10/31/2022,7:00:00 PM,6215,7,16,4
10/31/2022,8:00:00 PM,5736,7,16,4
10/31/2022,9:00:00 PM,5225,6,16,6
10/31/2022,10:00:00 PM,4415,0,16,4
10/31/2022,11:00:00 PM,3633,0,16,4
10/31/2022,12:00:00 AM,3003,7,16,5
